explained_variance,policy_loss,value_loss,fps,ep_reward_mean,ep_len_mean,time_elapsed,approxkl,total_timesteps,clipfrac,serial_timesteps,n_updates,policy_entropy
0.09893137216567993,-0.011963943,5.9142017e-06,266,0.000314,1500.0,1.811981201171875e-05,0.009403517,2048,0.119091794,2048,1,1.4037231
0.931135006248951,-0.0031597684,7.731861e-06,248,0.0003145,1500.0,7.677838563919067,0.005635506,4096,0.057763673,4096,2,1.3851243
0.822114497423172,-0.0011734252,0.0001335895,258,0.00031075,1500.0,15.92938494682312,0.0014309636,6144,0.009716797,6144,3,1.3848616
0.8424892574548721,-0.003383082,2.760966e-05,251,0.00031120000000000003,1500.0,23.870709896087646,0.0047639543,8192,0.046826173,8192,4,1.3841488
0.8837193548679352,-0.003238557,4.224058e-05,254,0.00030983333333333335,1500.0,32.03284025192261,0.004908417,10240,0.046875,10240,5,1.3791722
0.8390706330537796,-0.0010364472,5.1162457e-05,253,0.00030625,1500.0,40.07716655731201,0.0036747213,12288,0.03286133,12288,6,1.3748617
0.8752084523439407,-0.0011951504,1.4362631e-05,252,0.00030566666666666665,1500.0,48.148914098739624,0.0026578216,14336,0.02241211,14336,7,1.3834093
0.9165150374174118,-0.0038892094,6.995632e-06,250,0.0003045,1500.0,56.25209307670593,0.0031134877,16384,0.027441407,16384,8,1.3835471
0.9008861258625984,-0.0013639489,5.2453747e-06,265,0.0003020833333333333,1500.0,64.42892670631409,0.003180075,18432,0.019042969,18432,9,1.3655173
0.9343857169151306,-0.004931654,1.646961e-06,269,0.0003011538461538462,1500.0,72.13978409767151,0.0052392636,20480,0.055859376,20480,10,1.360316
0.9088886454701424,-0.0029624186,2.6705645e-06,248,0.00029933333333333336,1500.0,79.74061393737793,0.004926945,22528,0.04448242,22528,11,1.3539349
0.928587332367897,-0.0033604472,9.919272e-07,256,0.00029831249999999997,1500.0,87.97887063026428,0.0034034015,24576,0.027783204,24576,12,1.3381165
0.9322540611028671,-0.0023580235,9.850172e-07,250,0.00029741176470588236,1500.0,95.96640372276306,0.0032401737,26624,0.025097657,26624,13,1.3184335
0.9192908257246017,-0.002317382,9.0354814e-07,273,0.00029578947368421053,1500.0,104.13280177116394,0.0030964988,28672,0.024609376,28672,14,1.29855
0.9398014880716801,6.215392e-05,4.481887e-07,282,0.00029515,1500.0,111.61323547363281,0.0015375727,30720,0.0072753904,30720,15,1.2804377
0.9275030717253685,-0.001207573,3.396339e-07,303,0.0002945238095238095,1500.0,118.86343121528625,0.0021667392,32768,0.013720703,32768,16,1.2614868
0.9245511591434479,-0.0019498502,2.4393472e-07,265,0.0002934347826086957,1500.0,125.60632848739624,0.003706028,34816,0.027978515,34816,17,1.2464797
0.9486527107656002,0.00023047824,1.3700091e-07,253,0.00029295833333333333,1500.0,133.33197379112244,0.0015246037,36864,0.008398438,36864,18,1.2431785
0.9378774501383305,-0.0006330634,4.7866973e-07,268,0.00029252,1500.0,141.4025673866272,0.0018017975,38912,0.009179687,38912,19,1.2330955
0.9403068833053112,-0.0014502811,1.8799027e-07,253,0.0002916666666666667,1500.0,149.02900004386902,0.0019081365,40960,0.011914062,40960,20,1.2253714
0.9436517059803009,-0.000422692,2.3425669e-06,260,0.0002912857142857143,1500.0,157.11706638336182,0.0020827174,43008,0.015136719,43008,21,1.2225732
0.8747463673353195,-0.0014412481,1.1089461e-07,284,0.0002906,1500.0,164.97437691688538,0.0032783381,45056,0.026171874,45056,22,1.2052015
0.8914177790284157,-0.0009041155,4.5523883e-08,269,0.00029029032258064515,1500.0,172.18681478500366,0.0025578877,47104,0.018310547,47104,23,1.1938119
0.8704936057329178,-0.0007573001,2.7368418e-07,263,0.00028996874999999997,1500.0,179.794091463089,0.0025338219,49152,0.017626952,49152,24,1.188047
0.6622059345245361,-0.002943926,1.8915188e-07,269,0.0002892941176470588,1500.0,187.56066823005676,0.0053923517,51200,0.07060547,51200,25,1.188547
0.7375132441520691,-0.0023368618,1.5148839e-06,258,0.000289,1500.0,195.14869618415833,0.0027262263,53248,0.02836914,53248,26,1.1905379
0.7249618768692017,-0.0020599575,5.0955244e-08,278,0.00028875,1500.0,203.0618028640747,0.0036469747,55296,0.04033203,55296,27,1.1869406
0.5914610624313354,-0.00011766913,4.6903347e-07,258,0.00028821052631578946,1500.0,210.4073383808136,0.0020948353,57344,0.013769532,57344,28,1.18879
0.7117781639099121,-0.00050924165,8.3485855e-07,260,0.00028797435897435895,1500.0,218.34353232383728,0.0033627606,59392,0.030664062,59392,29,1.185825
0.5869627594947815,-0.00051982247,6.702401e-08,261,0.0002877,1500.0,226.2074682712555,0.0018266713,61440,0.012304688,61440,30,1.1888078
0.7718266695737839,-0.0022217254,1.699216e-07,268,0.0002872380952380953,1500.0,234.0318124294281,0.0037246724,63488,0.03491211,63488,31,1.187676
0.7649330198764801,-0.0023512375,2.9604826e-07,264,0.00028700000000000004,1500.0,241.6603741645813,0.0036467526,65536,0.04042969,65536,32,1.1863679
0.46442848443984985,-0.0028729835,1.5930712e-07,270,0.0002865333333333334,1500.0,249.4095332622528,0.0044048764,67584,0.04926758,67584,33,1.1940207
0.8272077739238739,7.0471586e-05,5.2453747e-06,254,0.0002863913043478261,1500.0,256.9949314594269,0.0018670282,69632,0.016357422,69632,34,1.2024087
0.8007949590682983,-0.007994031,1.0040776e-08,259,0.00028621276595744687,1500.0,265.05643343925476,0.006887877,71680,0.08696289,71680,35,1.2035313
0.8071824461221695,-0.0023460041,1.0281022e-08,262,0.00028591836734693875,1500.0,272.9517707824707,0.0035200554,73728,0.026611328,73728,36,1.1887127
0.8471212536096573,-0.008078369,2.3614273e-08,251,0.00028578,1500.0,280.7678635120392,0.0067277267,75776,0.086523436,75776,37,1.1731555
0.7285871207714081,-0.0015676232,1.2941787e-07,258,0.0002856470588235294,1500.0,288.9109754562378,0.004427397,77824,0.046289064,77824,38,1.1657753
0.8866575732827187,-0.0026641681,7.903308e-07,268,0.00028543396226415093,1500.0,296.8409504890442,0.0043345913,79872,0.050927736,79872,39,1.1698928
0.8521600812673569,-0.0050734347,9.3311655e-07,255,0.00028537037037037035,1500.0,304.4640624523163,0.005804739,81920,0.07392578,81920,40,1.1799372
0.8863890841603279,-0.007970706,1.0519402e-07,252,0.00028534545454545455,1500.0,312.48371958732605,0.009275851,83968,0.13134766,83968,41,1.1948029
0.8114059865474701,-0.0049823215,2.290592e-07,262,0.00028533333333333335,1500.0,320.5852506160736,0.0057404363,86016,0.072949216,86016,42,1.2127508
0.7520463317632675,-0.008383786,2.5554561e-07,268,0.0002853793103448276,1500.0,328.4001452922821,0.007943963,88064,0.10620117,88064,43,1.2374511
0.5515329241752625,-0.0021106787,2.146308e-06,256,0.0002854333333333333,1500.0,336.04288125038147,0.0053780153,90112,0.06977539,90112,44,1.2589023
0.4977208971977234,-0.007745991,5.816611e-08,250,0.0002854590163934426,1500.0,344.0262656211853,0.0072195306,92160,0.0980957,92160,45,1.2779877
0.33587270975112915,-0.00799344,8.871875e-07,269,0.00028551612903225806,1500.0,352.1967935562134,0.00696311,94208,0.09672852,94208,46,1.286103
0.5475924015045166,-0.00030995993,1.8628312e-07,260,0.0002856875,1500.0,359.8085227012634,0.0040453556,96256,0.046923827,96256,47,1.2917107
0.7020755708217621,-0.0029584826,1.5076159e-06,264,0.0002858461538461539,1500.0,367.68873620033264,0.0048199757,98304,0.055126954,98304,48,1.3021078
0.6806299388408661,-0.004660039,2.926703e-07,252,0.00028598484848484855,1500.0,375.4433329105377,0.005773579,100352,0.07094727,100352,49,1.3070654
0.7648973166942596,-0.0070763133,3.3834033e-06,261,0.00028629411764705885,1500.0,383.5512888431549,0.006778434,102400,0.091748044,102400,50,1.305074
0.8281951695680618,-0.004732132,7.608922e-08,254,0.00028647826086956527,1500.0,391.3979926109314,0.0058040773,104448,0.06933594,104448,51,1.2999367
0.838691845536232,-0.00575587,1.2848638e-07,256,0.00028664285714285716,1500.0,399.44952726364136,0.007011133,106496,0.0921875,106496,52,1.296116
0.8158104717731476,-0.0008375047,5.1452946e-07,250,0.00028706944444444445,1500.0,407.424015045166,0.0038849462,108544,0.043261718,108544,53,1.3021252
0.7227749228477478,-0.00058147934,1.3777494e-06,257,0.00028731506849315067,1500.0,415.59715580940247,0.002279421,110592,0.016992187,110592,54,1.3047214
0.7889531552791595,-0.0050107623,4.760158e-07,254,0.00028777333333333333,1500.0,423.5588791370392,0.0063583045,112640,0.079882815,112640,55,1.2963037
0.49717146158218384,-0.001713753,2.5807358e-06,253,0.00028805263157894736,1500.0,431.60349702835083,0.0044283415,114688,0.05263672,114688,56,1.2969067
0.6697814762592316,-0.0055801813,4.9850235e-07,259,0.0002882857142857143,1500.0,439.6755805015564,0.0077893147,116736,0.10727539,116736,57,1.2977691
0.7801911383867264,-0.004834937,4.4846985e-07,262,0.00028878481012658224,1500.0,447.58398604393005,0.0062128208,118784,0.08408203,118784,58,1.3046873
0.8310534507036209,-0.0027551777,2.1735755e-06,257,0.0002890625,1500.0,455.3896412849426,0.0044756057,120832,0.052441407,120832,59,1.3171939
0.7463889718055725,-0.0026882284,2.318352e-07,259,0.000289320987654321,1500.0,463.346804857254,0.003834358,122880,0.041796874,122880,60,1.3138098
0.6031076014041901,5.540636e-06,1.4434231e-05,264,0.0002899638554216868,1500.0,471.2440528869629,0.002882582,124928,0.027148437,124928,61,1.303004
0.6070460081100464,-0.0015501697,2.2393458e-07,253,0.0002903809523809524,1500.0,478.9976975917816,0.004175241,126976,0.047753908,126976,62,1.2853038
0.6253567636013031,-0.00049498375,1.5135274e-07,255,0.00029099999999999997,1500.0,487.0843813419342,0.0027467438,129024,0.022900391,129024,63,1.2668319
0.7063648700714111,-0.005417601,7.271818e-08,258,0.00029131034482758616,1500.0,495.1105263233185,0.0032261652,131072,0.031152343,131072,64,1.2440603
0.706368625164032,-0.0006942867,1.2223924e-07,256,0.00029154545454545454,1500.0,503.0420112609863,0.003848777,133120,0.041748047,133120,65,1.2367632
0.8541114181280136,0.00011845164,8.33126e-08,255,0.00029204444444444445,1500.0,511.0271942615509,0.0030567157,135168,0.03251953,135168,66,1.2480042
0.6109961867332458,-0.0025383467,7.9258587e-07,249,0.0002923406593406593,1500.0,519.0604782104492,0.0037971507,137216,0.04121094,137216,67,1.254896
0.7920768707990646,-0.0017950559,4.6284163e-07,254,0.00029266304347826084,1500.0,527.2763230800629,0.003935402,139264,0.042822264,139264,68,1.256278
0.7954227477312088,-0.0016290114,4.7249955e-06,259,0.0002931914893617021,1500.0,535.3305206298828,0.0041809184,141312,0.043261718,141312,69,1.252071
0.8382591009140015,-0.0023051167,2.1621547e-06,258,0.0002934421052631579,1500.0,543.2323408126831,0.0046836445,143360,0.056933593,143360,70,1.2591305
0.6080115139484406,-0.0007741703,6.6408774e-07,256,0.00029367708333333334,1500.0,551.1676268577576,0.0032477467,145408,0.035205077,145408,71,1.2845796
0.33097946643829346,-0.00011402807,2.6534153e-07,252,0.00029414285714285713,1500.0,559.1603512763977,0.0033457626,147456,0.03227539,147456,72,1.2972963
0.8549404889345169,-0.0031938504,6.3955476e-08,264,0.00029434343434343434,1500.0,567.2647142410278,0.0045365505,149504,0.050390624,149504,73,1.3010961
0.8205520510673523,-0.001511452,9.202898e-08,253,0.00029449,1500.0,575.0060675144196,0.0039631915,151552,0.04575195,151552,74,1.3149546
0.9168148562312126,-0.00028704217,5.89561e-06,251,0.00029446,1500.0,583.0892994403839,0.0021259156,153600,0.015332031,153600,75,1.313544
0.9253619164228439,-0.0020363717,1.3540387e-08,262,0.00029449,1500.0,591.2284183502197,0.0039069224,155648,0.04160156,155648,76,1.3084861
0.8542943447828293,-0.0009576805,2.102335e-08,270,0.00029459,1500.0,599.0415170192719,0.0026691272,157696,0.021240234,157696,77,1.2980908
0.8728774785995483,-0.0025743137,6.636137e-08,252,0.00029467999999999996,1500.0,606.6111931800842,0.0046767537,159744,0.053808592,159744,78,1.287837
0.915970116853714,-0.0042941943,1.8245207e-06,254,0.00029484,1500.0,614.7218902111053,0.004785149,161792,0.052685548,161792,79,1.2730037
0.806062787771225,-0.00087442866,8.9035396e-08,263,0.00029501999999999995,1500.0,622.7752482891083,0.0027453515,163840,0.026611328,163840,80,1.2617927
0.8208373934030533,-0.0016970029,1.2686777e-07,256,0.00029517,1500.0,630.54270362854,0.0026854796,165888,0.025390625,165888,81,1.2685044
0.8126706629991531,-0.0035526205,2.8066762e-07,252,0.00029532,1500.0,638.5170876979828,0.0028900704,167936,0.029736329,167936,82,1.2645197
0.8432213515043259,-0.0021820527,6.7143656e-06,250,0.00029566,1500.0,646.6260871887207,0.0031968136,169984,0.034765624,169984,83,1.2638245
0.6750636994838715,-0.0015039147,2.1020091e-07,257,0.00029585,1500.0,654.7936913967133,0.0045889947,172032,0.05390625,172032,84,1.2603619
0.588828057050705,-0.0003916449,2.0053605e-07,264,0.00029628,1500.0,662.7599384784698,0.0032150883,174080,0.031054687,174080,85,1.2502515
0.7174253463745117,-0.002894759,3.648017e-07,251,0.00029648,1500.0,670.5014176368713,0.005689088,176128,0.05834961,176128,86,1.2280678
0.752790167927742,-0.0003547373,2.4172155e-07,253,0.00029673000000000004,1500.0,678.6372332572937,0.0020260338,178176,0.013818359,178176,87,1.2000129
0.8896117731928825,-0.002283888,1.2421235e-06,264,0.00029714,1500.0,686.7087261676788,0.0046673515,180224,0.052978516,180224,88,1.197387
0.9013543128967285,-0.0008432609,7.0481306e-08,261,0.00029737,1500.0,694.4544177055359,0.0027195388,182272,0.025341798,182272,89,1.2042084
0.8410433083772659,-0.00087278616,6.652554e-07,248,0.00029759,1500.0,702.2762846946716,0.0033243955,184320,0.035058595,184320,90,1.203232
0.7927104532718658,-0.002099533,1.1492939e-05,262,0.00029803999999999996,1500.0,710.5158977508545,0.0041247243,186368,0.044628907,186368,91,1.201371
0.7248827517032623,-0.0016630705,1.2500512e-08,267,0.00029827999999999994,1500.0,718.3154656887054,0.0039265184,188416,0.042285156,188416,92,1.1926734
0.9139473512768745,-0.002762076,7.616352e-09,257,0.00029850999999999993,1500.0,725.9838101863861,0.0039015755,190464,0.036083985,190464,93,1.1769944
0.5164402723312378,-0.0012796803,2.225079e-08,256,0.00029892000000000005,1500.0,733.9541490077972,0.003088124,192512,0.030908203,192512,94,1.1673928
0.6994893550872803,-0.0031569973,2.7016785e-07,261,0.00029916999999999997,1500.0,741.9482288360596,0.0049995217,194560,0.05683594,194560,95,1.1634239
0.76565320789814,-0.0007584377,2.702543e-07,255,0.00029962,1500.0,749.7873907089233,0.0037431177,196608,0.036816407,196608,96,1.1603585
0.7936049997806549,-0.0009411851,1.0984274e-06,251,0.00029983,1500.0,757.8145651817322,0.0030230025,198656,0.030371094,198656,97,1.1701663
0.8889817222952843,-0.0015496954,8.966491e-09,260,0.00030002,1500.0,765.9668872356415,0.004367019,200704,0.042529296,200704,98,1.1760648
0.8102530837059021,0.0006309297,4.994411e-06,258,0.00030036,1500.0,773.8367419242859,0.0029051513,202752,0.031201173,202752,99,1.1805199
0.8046609163284302,-0.0015919579,1.7404929e-08,259,0.00030052,1500.0,781.7594192028046,0.0039840443,204800,0.043896485,204800,100,1.1781385
0.6101491749286652,-0.004600435,1.7611445e-07,252,0.00030065000000000007,1500.0,789.6663024425507,0.007083601,206848,0.091308594,206848,101,1.172259
0.7671261131763458,-0.0013960538,1.756314e-06,255,0.00030104000000000003,1500.0,797.7754995822906,0.0051789917,208896,0.06367187,208896,102,1.1762666
0.7553907930850983,-0.0020461183,4.199548e-06,262,0.00030120000000000006,1500.0,805.7992379665375,0.004399415,210944,0.046923827,210944,103,1.175309
0.640029639005661,-0.0014110875,5.7944925e-07,250,0.00030137,1500.0,813.5992772579193,0.0028780191,212992,0.026953125,212992,104,1.1768708
0.5633213818073273,-0.0014271339,2.628017e-07,249,0.00030168,1500.0,821.7812139987946,0.002676556,215040,0.021826172,215040,105,1.1821373
0.7754819542169571,-0.00045142858,1.2504732e-07,249,0.00030185000000000005,1500.0,829.9800755977631,0.002533008,217088,0.022314453,217088,106,1.1702166
0.7616455107927322,-0.00011170735,6.1412345e-07,257,0.00030208000000000004,1500.0,838.1777713298798,0.0039094132,219136,0.04018555,219136,107,1.1544521
0.5887738764286041,0.00014892482,7.3963756e-06,253,0.00030219000000000003,1500.0,846.139652967453,0.0025307818,221184,0.023144532,221184,108,1.1429604
0.7184102237224579,-9.982359e-05,4.748462e-08,252,0.00030233,1500.0,854.2140765190125,0.002924999,223232,0.024658203,223232,109,1.1304778
0.6956569850444794,-0.0026825513,5.8328453e-08,256,0.00030251,1500.0,862.3347570896149,0.0042515984,225280,0.039453126,225280,110,1.1087278
0.7536703795194626,-0.001992964,2.4836848e-07,250,0.00030257,1500.0,870.3234910964966,0.0038115052,227328,0.041552734,227328,111,1.0945296
0.7653138786554337,-0.0010105721,1.23908e-06,256,0.00030262,1500.0,878.5157108306885,0.0039521204,229376,0.04633789,229376,112,1.0850468
0.5195340812206268,0.000923499,1.1519793e-05,252,0.00030273999999999996,1500.0,886.5186851024628,0.0024970407,231424,0.021679688,231424,113,1.0778248
0.6268555819988251,-0.0017029902,1.8609427e-08,258,0.00030279,1500.0,894.6179885864258,0.0043331995,233472,0.047167968,233472,114,1.0703204
0.5161238610744476,5.0452538e-05,4.537941e-08,254,0.00030293999999999997,1500.0,902.5314815044403,0.0033710212,235520,0.031640626,235520,115,1.0700037
0.49463558197021484,-0.0010878197,2.181967e-08,249,0.00030295,1500.0,910.5895133018494,0.0038203816,237568,0.04296875,237568,116,1.0684733
0.7366663813591003,0.0005405633,1.9896783e-08,252,0.00030299,1500.0,918.8016400337219,0.0028965012,239616,0.02631836,239616,117,1.06289
0.40501177310943604,-0.00095166423,5.4363454e-08,258,0.00030303999999999997,1500.0,926.9206187725067,0.002256676,241664,0.021142578,241664,118,1.0610518
0.3105931282043457,-0.0009365773,8.3429507e-07,253,0.00030309,1500.0,934.8459689617157,0.0037871427,243712,0.03984375,243712,119,1.0566897
0.536228597164154,-0.0001176501,4.8796564e-06,248,0.00030314,1500.0,942.9136056900024,0.0026490225,245760,0.024951171,245760,120,1.0472162
0.39304375648498535,-0.0007550913,3.4314287e-08,263,0.00030312,1500.0,951.1615235805511,0.0034756109,247808,0.03564453,247808,121,1.0449514
0.5245570838451385,-0.0010971333,8.392167e-07,249,0.00030310000000000005,1500.0,958.9397089481354,0.004078838,249856,0.04477539,249856,122,1.0338395
0.5678167343139648,-0.0022230109,2.0608297e-05,254,0.00030301000000000004,1500.0,967.1631951332092,0.0040116,251904,0.046972655,251904,123,1.0167251
0.5849575698375702,-0.0031890895,2.5184082e-08,253,0.00030279,1500.0,975.2194871902466,0.0039444966,253952,0.042773437,253952,124,1.0013335
0.5586043000221252,-0.0011556585,2.2763283e-08,264,0.00030274,1500.0,983.2944822311401,0.0037943858,256000,0.039208986,256000,125,0.9891512
0.6213585436344147,-0.00012005805,2.7503907e-08,257,0.00030258,1500.0,991.0425140857697,0.002911793,258048,0.022460938,258048,126,0.9673026
0.47960901260375977,0.0012092681,4.1698478e-08,250,0.00030245,1500.0,998.9984660148621,0.003372769,260096,0.035839844,260096,127,0.9542702
0.6642906367778778,0.0008995662,1.3605107e-07,251,0.00030233999999999995,1500.0,1007.1942002773285,0.0034600298,262144,0.038183592,262144,128,0.9483059
0.6682595014572144,-0.0020731587,2.5662104e-07,253,0.00030197,1500.0,1015.341673374176,0.004755404,264192,0.051660158,264192,129,0.9408804
0.5918748378753662,0.0009595978,1.632963e-08,251,0.00030183,1500.0,1023.438042640686,0.0026485068,266240,0.026171874,266240,130,0.93355846
0.5498566627502441,-0.0033273683,1.205626e-05,248,0.00030164000000000005,1500.0,1031.6001534461975,0.0059373667,268288,0.077539064,268288,131,0.9223728
0.4495459794998169,-0.0014530373,1.9126192e-07,253,0.00030127999999999996,1500.0,1039.8300075531006,0.003514932,270336,0.03652344,270336,132,0.91955423
0.6075645983219147,-0.004379638,9.3263125e-08,259,0.00030114,1500.0,1047.925850868225,0.0049216487,272384,0.058544923,272384,133,0.9410578
0.7242139577865601,-0.0016093168,1.9500234e-07,254,0.00030094000000000003,1500.0,1055.826111793518,0.0030399163,274432,0.031201173,274432,134,0.953917
0.6744686365127563,0.00044944062,5.1828692e-06,248,0.00030028000000000005,1500.0,1063.8772332668304,0.003275583,276480,0.03388672,276480,135,0.953972
0.6978191435337067,0.00020698128,6.5034705e-08,261,0.00029996,1500.0,1072.1303691864014,0.0019457324,278528,0.016796876,278528,136,0.95685625
0.7370804250240326,0.00013509768,2.2421314e-07,252,0.00029937,1500.0,1079.9792730808258,0.0028195917,280576,0.026513672,280576,137,0.9605981
0.777409553527832,-0.0035799562,3.1844152e-08,251,0.00029911999999999994,1500.0,1088.0900840759277,0.0048082983,282624,0.05883789,282624,138,0.9584092
0.7294001579284668,-0.0009973932,4.2059293e-07,254,0.00029884,1500.0,1096.2529892921448,0.004884422,284672,0.051953126,284672,139,0.95033216
0.7082718312740326,-0.00057248626,8.239833e-08,252,0.00029835999999999996,1500.0,1104.2909562587738,0.0033232882,286720,0.03364258,286720,140,0.9422885
0.6671781539916992,-0.00020706977,1.7353095e-05,258,0.00029798,1500.0,1112.4186964035034,0.004035517,288768,0.04482422,288768,141,0.9360714
0.6765388548374176,3.867806e-06,1.4392855e-08,250,0.00029764999999999994,1500.0,1120.3393671512604,0.002770186,290816,0.025244141,290816,142,0.92885035
0.6200191676616669,-0.0014946077,1.8288674e-08,250,0.00029696,1500.0,1128.5317254066467,0.004470004,292864,0.051513672,292864,143,0.9203944
0.5277215540409088,-0.002110716,3.001407e-08,255,0.00029664,1500.0,1136.709058523178,0.004759501,294912,0.056640625,294912,144,0.91181725
0.6319589912891388,-0.0029046,5.726286e-08,250,0.00029637,1500.0,1144.7290105819702,0.004461878,296960,0.05,296960,145,0.9010431
0.49807727336883545,-0.0014216467,7.376393e-08,255,0.00029585,1500.0,1152.9065997600555,0.0046235574,299008,0.054638673,299008,146,0.8976847
0.5478073358535767,-0.00012205995,4.6324786e-07,257,0.00029567000000000005,1500.0,1160.9119024276733,0.0038323503,301056,0.038623046,301056,147,0.8932745
0.6207714080810547,-0.00051876827,1.1725484e-07,254,0.00029515,1500.0,1168.8737592697144,0.0041995915,303104,0.04711914,303104,148,0.8782145
0.42452454566955566,0.0016131413,6.125304e-07,253,0.00029488,1500.0,1176.9372832775116,0.0030947533,305152,0.030615235,305152,149,0.8604121
0.8199073374271393,-0.0011388566,4.6569276e-06,255,0.0002947,1500.0,1185.0200901031494,0.003255066,307200,0.032568358,307200,150,0.8504518
0.8561901301145554,-0.00016482365,3.5536708e-08,255,0.00029427,1500.0,1193.037977218628,0.003104104,309248,0.030126953,309248,151,0.8346006
0.8166312724351883,-0.0023657423,5.143727e-08,259,0.00029408,1500.0,1201.0485315322876,0.0044059437,311296,0.046923827,311296,152,0.80977595
0.7556317150592804,-0.0030078227,3.6952606e-08,252,0.00029385,1500.0,1208.9494576454163,0.0047019874,313344,0.05239258,313344,153,0.78962165
0.6805623471736908,-0.00039147135,9.48005e-07,252,0.00029355,1500.0,1217.072711467743,0.003861447,315392,0.042822264,315392,154,0.78390825
0.5507138073444366,0.00047376775,3.53267e-08,259,0.00029334,1500.0,1225.2006475925446,0.0028643145,317440,0.027685547,317440,155,0.7777878
0.24892812967300415,-0.0031646746,4.1013567e-07,251,0.00029314,1500.0,1233.0982241630554,0.0043329997,319488,0.04941406,319488,156,0.768667
0.527885913848877,-0.00056463975,6.1928995e-06,254,0.00029281,1500.0,1241.248497247696,0.0027429701,321536,0.028125,321536,157,0.7720777
0.6120593547821045,6.0204242e-05,1.8782462e-08,248,0.00029259999999999996,1500.0,1249.3079268932343,0.0046939487,323584,0.048828125,323584,158,0.77078915
0.7054013609886169,-0.0018434904,5.6973185e-08,256,0.00029219,1500.0,1257.5632786750793,0.003510245,325632,0.034521483,325632,159,0.76124185
0.4773988723754883,-0.00095098454,7.8681374e-08,256,0.00029202,1500.0,1265.5634579658508,0.0035875284,327680,0.041259766,327680,160,0.7558998
0.5926463603973389,-0.0004909282,3.412168e-05,246,0.00029184,1500.0,1273.5390150547028,0.004468903,329728,0.05390625,329728,161,0.7539037
0.5480005741119385,-3.6340476e-05,8.375343e-07,258,0.00029146,1500.0,1281.8400738239288,0.0039384025,331776,0.042675782,331776,162,0.74726593
0.6705957055091858,-0.0012985667,1.3191128e-07,252,0.00029126,1500.0,1289.7601432800293,0.00458257,333824,0.050048828,333824,163,0.7305386
0.6494673788547516,0.0011220322,6.830116e-08,260,0.00029104999999999995,1500.0,1297.879019498825,0.0041819424,335872,0.04550781,335872,164,0.716828
0.6476285457611084,0.00042406004,1.567581e-07,266,0.00029063999999999994,1500.0,1305.745112657547,0.003338992,337920,0.032177735,337920,165,0.70635974
0.7333200573921204,-0.00021349793,8.673037e-08,257,0.00029039999999999996,1500.0,1313.444880247116,0.003910601,339968,0.043066405,339968,166,0.6965625
0.6230741441249847,0.00093936117,6.896713e-08,255,0.00029008999999999996,1500.0,1321.3965606689453,0.0043977564,342016,0.052441407,342016,167,0.6926568
0.7252331674098969,-0.0014617506,8.615375e-08,252,0.00028987,1500.0,1329.421545267105,0.004865922,344064,0.055615235,344064,168,0.6915411
0.6560243964195251,-0.0017564474,3.1585654e-07,249,0.00028969,1500.0,1337.5425035953522,0.0044333567,346112,0.052441407,346112,169,0.6832118
0.7616553902626038,-0.0004532878,1.8144998e-08,262,0.00028931000000000003,1500.0,1345.7447047233582,0.0045646997,348160,0.05419922,348160,170,0.67403215
0.624025970697403,-0.0009786189,3.397019e-08,258,0.00028922,1500.0,1353.5526034832,0.005099565,350208,0.06088867,350208,171,0.6661952
0.6349089443683624,-0.0006365219,3.2337e-06,251,0.00028909,1500.0,1361.47256731987,0.003938329,352256,0.045214843,352256,172,0.6650077
0.31052136421203613,-0.00019560505,3.795642e-08,249,0.00028885,1500.0,1369.6088321208954,0.0035791774,354304,0.03564453,354304,173,0.66532975
0.3481432795524597,0.0019814689,1.117248e-06,255,0.00028884000000000006,1500.0,1377.8316521644592,0.0030888831,356352,0.031298827,356352,174,0.66528
0.49833738803863525,-8.337319e-05,4.3563335e-07,255,0.00028866,1500.0,1385.8518888950348,0.0031890615,358400,0.03334961,358400,175,0.66779506
0.04997915029525757,-0.0011582008,9.874287e-08,247,0.00028848999999999997,1500.0,1393.876472711563,0.003570139,360448,0.03984375,360448,176,0.667935
0.302154004573822,-0.00020836065,1.6632608e-05,257,0.00028847000000000003,1500.0,1402.1600606441498,0.0042964993,362496,0.047949217,362496,177,0.6636398
0.24506962299346924,5.588436e-05,2.8072881e-08,253,0.00028838000000000003,1500.0,1410.1325950622559,0.0044668685,364544,0.051220704,364544,178,0.66094005
0.14902138710021973,-0.00082084443,3.372711e-08,252,0.0002884,1500.0,1418.202787399292,0.005522077,366592,0.06821289,366592,179,0.66251886
0.30905377864837646,-0.0026165445,2.80799e-08,251,0.00028837,1500.0,1426.306227684021,0.0061515067,368640,0.06733398,368640,180,0.65840197
0.30318790674209595,0.00019683377,2.1974214e-08,254,0.00028834,1500.0,1434.4595954418182,0.004444585,370688,0.049951173,370688,181,0.6576573
0.3524392247200012,0.0010477395,2.8645507e-08,256,0.00028830000000000007,1500.0,1442.5221874713898,0.004213868,372736,0.046679687,372736,182,0.65103865
0.4171803593635559,-0.0019319281,2.0308244e-06,256,0.00028829,1500.0,1450.5132629871368,0.0052991766,374784,0.06621094,374784,183,0.64515144
0.611569344997406,-0.0011647812,4.6771083e-07,258,0.00028842,1500.0,1458.507099866867,0.0040141563,376832,0.043652344,376832,184,0.6298479
0.49907606840133667,0.00011465512,1.358467e-07,271,0.00028854,1500.0,1466.424545764923,0.005578623,378880,0.06567383,378880,185,0.612847
0.6866016983985901,-0.002946545,1.2883249e-06,254,0.00028852999999999995,1500.0,1473.959228515625,0.0053945677,380928,0.064208984,380928,186,0.60713494
0.6325569450855255,-0.00023235101,1.6775363e-07,251,0.00028856,1500.0,1482.025953054428,0.005364614,382976,0.06069336,382976,187,0.59430456
0.6792456209659576,0.00015236183,7.995996e-08,250,0.00028855000000000005,1500.0,1490.18732213974,0.0047661704,385024,0.053466797,385024,188,0.57579607
0.7197427153587341,-0.0014817283,2.5346349e-06,254,0.00028852,1500.0,1498.3642406463623,0.0042535104,387072,0.05029297,387072,189,0.580304
0.5448098480701447,-0.00013828925,2.1236908e-06,249,0.0002885,1500.0,1506.4200432300568,0.005981961,389120,0.07080078,389120,190,0.5839144
0.5041691064834595,5.5974582e-05,1.995527e-06,253,0.00028854,1500.0,1514.6343774795532,0.0065667816,391168,0.0793457,391168,191,0.57108253
0.4735373854637146,-0.00071483885,2.3312728e-05,253,0.00028854,1500.0,1522.719910621643,0.005416085,393216,0.05961914,393216,192,0.5516108
0.59621462225914,0.00066534773,2.3528226e-07,257,0.00028845,1500.0,1530.8138818740845,0.004008746,395264,0.046435546,395264,193,0.53165245
0.6382496953010559,0.00056225585,1.6336475e-07,254,0.0002885,1500.0,1538.7749350070953,0.0058762236,397312,0.07192383,397312,194,0.51250064
0.5689901411533356,0.0012691894,1.084366e-06,251,0.00028848,1500.0,1546.8167402744293,0.0052386406,399360,0.061328124,399360,195,0.5012798
0.6826234757900238,0.0021900286,3.1957964e-07,257,0.00028852,1500.0,1554.9677667617798,0.004842755,401408,0.054101564,401408,196,0.5012947
0.726109504699707,-9.342283e-06,1.0823164e-05,254,0.00028857,1500.0,1562.922033071518,0.0056268163,403456,0.06459961,403456,197,0.5061466
0.5254398882389069,4.6254758e-05,1.3881973e-07,255,0.00028857,1500.0,1570.985055923462,0.004617165,405504,0.051367186,405504,198,0.5072319
0.6474839746952057,0.0015602063,6.883318e-08,247,0.00028857,1500.0,1578.9974343776703,0.003934723,407552,0.041552734,407552,199,0.5130819
0.5182638466358185,-0.0019933726,6.818682e-08,254,0.00028858000000000003,1500.0,1587.2903337478638,0.0051712035,409600,0.061669923,409600,200,0.5083132
0.5415158271789551,-0.0023443825,7.053344e-08,249,0.0002885,1500.0,1595.356110572815,0.008762368,411648,0.11484375,411648,201,0.5141887
0.38863039016723633,-0.0017326021,6.143365e-08,255,0.00028855,1500.0,1603.5636713504791,0.004361359,413696,0.04375,413696,202,0.5127541
0.3446826934814453,-0.0013946219,3.119655e-08,259,0.00028856,1500.0,1611.585865020752,0.004164139,415744,0.04868164,415744,203,0.5022224
0.06120330095291138,-0.001500628,3.935974e-08,248,0.00028858999999999997,1500.0,1619.4750633239746,0.007462124,417792,0.10043945,417792,204,0.50354457
0.2026665210723877,0.0016567174,1.7874145e-06,253,0.00028862,1500.0,1627.7336285114288,0.005170091,419840,0.059521485,419840,205,0.49440536
0.7187687754631042,0.00029318413,5.2581576e-08,253,0.00028854,1500.0,1635.8052456378937,0.0062583014,421888,0.071582034,421888,206,0.48244953
0.6353591084480286,0.00024753832,3.7843684e-08,255,0.00028847000000000003,1500.0,1643.8809518814087,0.0056199823,423936,0.059814453,423936,207,0.47940898
0.41494596004486084,-0.0008959236,5.0691163e-08,249,0.00028837000000000003,1500.0,1651.9137644767761,0.005839199,425984,0.067675784,425984,208,0.47113553
0.4793773889541626,-0.0012718815,2.6078883e-06,258,0.00028853,1500.0,1660.1102304458618,0.0064059356,428032,0.07329102,428032,209,0.46112242
0.47453588247299194,0.0013597345,7.610507e-06,251,0.00028855,1500.0,1668.0438265800476,0.004354143,430080,0.048535157,430080,210,0.45491743
0.5738829374313354,0.0011211074,2.0734388e-08,263,0.00028864,1500.0,1676.1827466487885,0.00395547,432128,0.04111328,432128,211,0.44630393
0.57929727435112,-0.0019526405,2.191413e-08,257,0.00028869000000000003,1500.0,1683.972557067871,0.0075498424,434176,0.1038086,434176,212,0.4411633
0.5897927284240723,-0.0008180818,3.099823e-05,254,0.00028866,1500.0,1691.9367816448212,0.0055373083,436224,0.06547852,436224,213,0.4378458
0.5157884955406189,0.0009801516,1.2560042e-08,253,0.00028869999999999997,1500.0,1699.9862687587738,0.004085754,438272,0.047509767,438272,214,0.43366894
0.48226869106292725,0.00082769897,2.5228456e-08,252,0.00028878,1500.0,1708.0568206310272,0.005529764,440320,0.066308595,440320,215,0.42825317
0.588752418756485,-0.0010863945,1.8900469e-08,262,0.00028889,1500.0,1716.1610414981842,0.0049173986,442368,0.053027343,442368,216,0.41058397
0.3529401421546936,-0.00013485846,1.2660124e-08,245,0.00028898,1500.0,1723.9757313728333,0.0054360395,444416,0.059375,444416,217,0.38681287
0.5689977407455444,-0.00015258897,1.746186e-08,257,0.00028898,1500.0,1732.333415031433,0.0053108227,446464,0.05419922,446464,218,0.3813914
0.38478606939315796,-0.00013538035,1.9799728e-08,250,0.00028889,1500.0,1740.2868819236755,0.005635904,448512,0.066503905,448512,219,0.3695564
0.5540457963943481,0.0008172862,3.53252e-08,257,0.00028888,1500.0,1748.4593799114227,0.0033892181,450560,0.03515625,450560,220,0.34580183
0.4512038230895996,-0.00037710648,3.386551e-08,252,0.00028891,1500.0,1756.4167709350586,0.0052603045,452608,0.060058594,452608,221,0.32999277
0.5151925384998322,0.0003083798,9.4812584e-08,255,0.00028899,1500.0,1764.5212066173553,0.004403678,454656,0.052197266,454656,222,0.3239355
0.4229387044906616,6.092695e-06,2.6924832e-08,253,0.00028895,1500.0,1772.5434792041779,0.006617778,456704,0.07792969,456704,223,0.32785302
0.5658981204032898,0.0010874046,3.8735624e-08,247,0.0002889,1500.0,1780.6327664852142,0.004031589,458752,0.046923827,458752,224,0.33039066
0.6336356103420258,0.00022774171,6.245276e-07,261,0.00028892,1500.0,1788.900628566742,0.006747437,460800,0.07900391,460800,225,0.31930882
0.614540308713913,0.00037951526,1.0830189e-05,279,0.00028899000000000004,1500.0,1796.7273788452148,0.0058425916,462848,0.06757812,462848,226,0.30738598
0.6378642618656158,-0.0016691776,1.6138692e-08,254,0.00028901,1500.0,1804.0667214393616,0.004942158,464896,0.056591798,464896,227,0.30924135
0.5213679373264313,-0.0010462186,3.4377127e-08,252,0.00028905,1500.0,1812.1193845272064,0.0055521596,466944,0.06416015,466944,228,0.31908312
0.4655197858810425,0.00044180633,2.5771012e-08,251,0.00028908,1500.0,1820.2493648529053,0.0050289715,468992,0.05644531,468992,229,0.3066584
0.4546183943748474,-0.0023955014,3.76439e-08,258,0.00028916,1500.0,1828.4097590446472,0.0076084263,471040,0.09052734,471040,230,0.27841303
0.5336999595165253,0.0007632893,5.065714e-08,250,0.00028920000000000004,1500.0,1836.335525751114,0.0066812523,473088,0.082128905,473088,231,0.2608552
0.6142443716526031,0.0023751135,6.72266e-07,257,0.00028925,1500.0,1844.5247592926025,0.0051442226,475136,0.05810547,475136,232,0.25145146
0.4243638515472412,-0.0009729477,4.049064e-08,248,0.0002894,1500.0,1852.4838869571686,0.006758321,477184,0.07993164,477184,233,0.24660715
0.4346662163734436,-0.00054761994,2.827014e-08,258,0.00028947,1500.0,1860.7341198921204,0.005579929,479232,0.066992186,479232,234,0.23477788
0.4559628367424011,0.00084691576,8.060615e-07,252,0.00028953999999999997,1500.0,1868.6633026599884,0.0062435474,481280,0.068847656,481280,235,0.22718994
0.4460468292236328,0.0016430732,5.7143e-08,252,0.00028967999999999995,1500.0,1876.7812163829803,0.005680308,483328,0.06743164,483328,236,0.22286567
0.3888063430786133,-0.0020984528,9.140541e-08,252,0.0002898,1500.0,1884.9079065322876,0.005920843,485376,0.07099609,485376,237,0.21074764
0.19957691431045532,-0.00020798823,1.0786707e-06,255,0.00028985,1500.0,1893.0141289234161,0.008423331,487424,0.08642578,487424,238,0.19994369
0.34028851985931396,0.0011656474,2.881093e-08,257,0.00029014,1500.0,1901.0220108032227,0.0058596535,489472,0.072949216,489472,239,0.19316716
0.46958452463150024,0.0011792176,7.235559e-08,256,0.00029025,1500.0,1908.9802238941193,0.0052863676,491520,0.06518555,491520,240,0.19665477
0.28181278705596924,0.0018727605,1.600163e-08,259,0.0002904,1500.0,1916.9726037979126,0.0058871955,493568,0.06845703,493568,241,0.20039296
0.3455010652542114,0.0018083286,3.910426e-08,250,0.00029044000000000004,1500.0,1924.8685700893402,0.0063596806,495616,0.076123044,495616,242,0.19324586
0.3444772958755493,0.00026432332,7.387982e-08,256,0.00029053,1500.0,1933.0446968078613,0.0046640066,497664,0.05102539,497664,243,0.18559407
0.25555819272994995,2.9345922e-05,4.4548023e-07,251,0.00029078000000000003,1500.0,1941.0190818309784,0.007579878,499712,0.087890625,499712,244,0.17119335
0.23461252450942993,0.0012638511,1.6977586e-06,254,0.00029092,1500.0,1949.1519117355347,0.0070918426,501760,0.08491211,501760,245,0.15432705
0.3639408349990845,-0.0007603285,3.086055e-06,254,0.00029103,1500.0,1957.203863143921,0.007856153,503808,0.08945312,503808,246,0.14347155
0.4150402545928955,0.0011096743,7.934365e-08,246,0.00029108,1500.0,1965.2532143592834,0.0061717285,505856,0.075683594,505856,247,0.13540918
0.3418111205101013,0.0012352158,5.758857e-08,258,0.00029119,1500.0,1973.5720992088318,0.00742543,507904,0.09418945,507904,248,0.12933272
0.24833786487579346,-0.0001599095,2.82434e-08,246,0.00029133,1500.0,1981.5096526145935,0.0065760775,509952,0.08310547,509952,249,0.13374761
0.1393193006515503,0.0014307648,5.3233443e-08,252,0.00029146,1500.0,1989.8092246055603,0.006719061,512000,0.084423825,512000,250,0.14187214
0.742608904838562,-0.00042290273,1.2448237e-05,248,0.00029148000000000005,1500.0,1997.9199042320251,0.0056585763,514048,0.06704102,514048,251,0.13708654
0.30024999380111694,0.002079303,4.6178167e-07,256,0.00029149000000000004,1500.0,2006.17808675766,0.007852046,516096,0.099365234,516096,252,0.13542444
0.3290623426437378,-2.6731263e-05,1.1729907e-08,253,0.00029152000000000003,1500.0,2014.1695778369904,0.01063574,518144,0.11411133,518144,253,0.13618958
0.4063340425491333,0.0017039465,6.6026247e-09,254,0.00029154,1500.0,2022.2579984664917,0.005761214,520192,0.06074219,520192,254,0.13671558
0.2306535840034485,7.572815e-05,7.969399e-09,256,0.00029162000000000003,1500.0,2030.3095257282257,0.008946508,522240,0.111083984,522240,255,0.13939995
0.19802641868591309,0.0036732615,7.00134e-09,249,0.00029166000000000006,1500.0,2038.3077917099,0.006864591,524288,0.07944336,524288,256,0.13600087
0.32643836736679077,0.0021982656,3.372947e-08,269,0.0002916400000000001,1500.0,2046.511919260025,0.005451699,526336,0.061572265,526336,257,0.12865528
0.2288610339164734,0.00084490515,9.529805e-09,266,0.00029162000000000003,1500.0,2054.1164915561676,0.007352249,528384,0.091748044,528384,258,0.12457379
0.37443244457244873,0.0022305273,9.255646e-09,254,0.0002917,1500.0,2061.813782930374,0.005541473,530432,0.06503906,530432,259,0.12030615
0.1755884885787964,0.0028800962,5.020545e-09,251,0.00029169,1500.0,2069.856303215027,0.005451511,532480,0.064941406,532480,260,0.11974058
0.30790913105010986,0.0033800092,1.9024096e-08,257,0.00029177,1500.0,2077.9899792671204,0.0070277243,534528,0.08847656,534528,261,0.12247354
0.4213155508041382,-0.00028290437,2.7315305e-06,251,0.00029181,1500.0,2085.957300901413,0.007552672,536576,0.09379883,536576,262,0.11689007
0.1610116958618164,0.00038056023,3.978636e-08,258,0.00029193,1500.0,2094.1114416122437,0.0049730362,538624,0.058935545,538624,263,0.109238006
0.1923481822013855,0.000999493,2.1040753e-08,256,0.00029197000000000007,1500.0,2102.0431694984436,0.006991857,540672,0.07724609,540672,264,0.110947706
0.39365285634994507,0.00047524535,2.3976636e-08,253,0.00029197,1500.0,2110.0171008110046,0.0064721704,542720,0.07993164,542720,265,0.10432559
0.2062864899635315,0.0024901344,6.340294e-06,254,0.00029204999999999997,1500.0,2118.0860981941223,0.0054512746,544768,0.06665039,544768,266,0.11240927
0.33510297536849976,0.0018685426,9.618773e-09,256,0.00029203,1500.0,2126.1252992153168,0.0048517357,546816,0.058789063,546816,267,0.120026395
0.3876574635505676,-0.0031113557,1.0222669e-08,255,0.00029198999999999995,1500.0,2134.1160259246826,0.00702276,548864,0.084423825,548864,268,0.12665594
0.2332351803779602,-0.0020323626,1.4681392e-08,249,0.00029205,1500.0,2142.135461330414,0.0076221013,550912,0.089697264,550912,269,0.1307408
0.3649306893348694,0.0024610944,1.9795843e-08,250,0.00029211,1500.0,2150.347266435623,0.004719225,552960,0.05180664,552960,270,0.12653087
0.3283965587615967,0.0004892671,1.4690419e-08,254,0.00029215,1500.0,2158.518027305603,0.004781313,555008,0.04916992,555008,271,0.112163045
0.27095115184783936,0.002208451,1.9064501e-08,254,0.00029217000000000007,1500.0,2166.5677576065063,0.005234767,557056,0.06254883,557056,272,0.10374671
0.3704962134361267,-0.0011194343,9.127044e-08,262,0.00029218000000000007,1500.0,2174.6203932762146,0.0068182983,559104,0.08120117,559104,273,0.09203167
0.30763566493988037,0.002590764,4.3948027e-08,254,0.00029223000000000004,1500.0,2182.436275243759,0.006054964,561152,0.07353516,561152,274,0.081619754
0.3106062412261963,0.0013076162,9.452037e-06,253,0.00029223,1500.0,2190.4941878318787,0.0067453245,563200,0.082373045,563200,275,0.0707543
0.4477630853652954,-0.00057583064,7.7705025e-09,252,0.00029221,1500.0,2198.5636456012726,0.006027703,565248,0.07368164,565248,276,0.050875984
0.372336208820343,-0.0011627072,7.275273e-09,250,0.00029232,1500.0,2206.6840631961823,0.0071490183,567296,0.09077148,567296,277,0.03290989
0.34744763374328613,0.0019222705,1.06180496e-08,254,0.00029234000000000004,1500.0,2214.8522732257843,0.006914309,569344,0.08632813,569344,278,0.028889442
0.44407981634140015,0.0011807777,9.264676e-09,251,0.00029238,1500.0,2222.9042427539825,0.0056891176,571392,0.06416015,571392,279,0.032349378
0.28172796964645386,0.0008593138,1.2781325e-08,254,0.0002925,1500.0,2231.0546867847443,0.0055703716,573440,0.06826172,573440,280,0.03617822
0.3298158049583435,0.001170676,6.3626864e-08,255,0.00029261,1500.0,2239.1028423309326,0.00654047,575488,0.07558594,575488,281,0.040954877
0.663531094789505,0.0005413716,3.976109e-08,253,0.00029268,1500.0,2247.10857796669,0.006153622,577536,0.0725586,577536,282,0.03526668
0.45239174365997314,0.0016687807,2.917262e-08,252,0.00029272,1500.0,2255.206673145294,0.00677339,579584,0.082128905,579584,283,0.029565305
0.4889119863510132,0.00092408265,1.3033437e-07,249,0.00029274,1500.0,2263.3296086788177,0.00615975,581632,0.07709961,581632,284,0.026414197
0.36427414417266846,0.0014154656,2.554907e-06,253,0.00029283,1500.0,2271.5492470264435,0.006016894,583680,0.072314456,583680,285,0.022707755
0.26507025957107544,0.001699803,1.9121055e-08,254,0.0002929,1500.0,2279.628024816513,0.0058806683,585728,0.07143555,585728,286,0.016490445
0.38119542598724365,0.002268002,1.3380579e-06,251,0.00029296,1500.0,2287.686141014099,0.0058644107,587776,0.0625,587776,287,0.01238108
0.35655713081359863,0.0008810059,9.0170445e-08,260,0.00029303999999999995,1500.0,2295.8275775909424,0.004751515,589824,0.053222656,589824,288,0.013437699
0.40169310569763184,0.0014486278,1.4483777e-08,259,0.00029307,1500.0,2303.689063310623,0.005072693,591872,0.057714842,591872,289,0.010225
0.41819339990615845,0.003557359,3.12423e-07,251,0.00029313999999999995,1500.0,2311.593583583832,0.006200488,593920,0.07426758,593920,290,0.011356996
0.3101188540458679,0.0030177599,7.204906e-07,254,0.0002933,1500.0,2319.7455735206604,0.006286108,595968,0.072070315,595968,291,0.018992867
0.34840303659439087,0.0026080632,1.3790752e-08,254,0.00029342,1500.0,2327.784033536911,0.0061286706,598016,0.07563476,598016,292,0.01482713
0.5087627470493317,0.0018929489,1.0107262e-08,257,0.00029356,1500.0,2335.830568790436,0.0037684478,600064,0.04248047,600064,293,0.015359342
0.2529188394546509,-0.0023949682,2.2938034e-06,253,0.0002936,1500.0,2343.787567138672,0.007249168,602112,0.089990236,602112,294,0.020854298
0.937402606010437,0.0009518006,3.202116e-08,250,0.00029366,1500.0,2351.867117881775,0.0059988266,604160,0.07143555,604160,295,0.017193092
0.9434176385402679,0.0016218061,5.980563e-08,251,0.00029373999999999996,1500.0,2360.0380330085754,0.0069639087,606208,0.090429686,606208,296,0.0106500555
0.9172919169068336,-0.0013187028,7.849888e-09,254,0.00029379000000000005,1500.0,2368.1893780231476,0.006132827,608256,0.079394534,608256,297,0.008156208
0.9175090342760086,-0.0009517229,8.408046e-09,255,0.00029382000000000003,1500.0,2376.253496646881,0.0063625434,610304,0.0815918,610304,298,0.0055509335
0.9169039204716682,0.0012272097,3.2992384e-07,248,0.00029393,1500.0,2384.2609462738037,0.0051615285,612352,0.05913086,612352,299,-0.009531338
0.8834951296448708,-0.0033161596,1.5157934e-08,257,0.00029394,1500.0,2392.5067245960236,0.007917677,614400,0.0875,614400,300,-0.040573858
0.8786068186163902,-0.00024058382,4.4134833e-08,263,0.00029397,1500.0,2400.4504232406616,0.007146214,616448,0.08564453,616448,301,-0.058109414
0.8750787451863289,0.0010700657,1.3520345e-06,251,0.00029412,1500.0,2408.22883105278,0.006600908,618496,0.087402344,618496,302,-0.05468654
0.8105388432741165,0.0014122638,3.0718915e-08,252,0.00029415,1500.0,2416.3591828346252,0.0070506125,620544,0.08852539,620544,303,-0.06144929
0.7068280875682831,0.0042531122,4.631299e-06,258,0.00029424999999999997,1500.0,2424.460739850998,0.0054031415,622592,0.06352539,622592,304,-0.078212015
0.5708996057510376,0.0028038216,5.9364718e-09,279,0.00029426999999999996,1500.0,2432.374883413315,0.008581408,624640,0.108789064,624640,305,-0.08573502
0.511064350605011,0.002140486,7.897301e-09,250,0.00029432,1500.0,2439.7100212574005,0.0064034713,626688,0.07324219,626688,306,-0.102255926
0.5335067212581635,0.002768177,5.251823e-09,250,0.00029439,1500.0,2447.8904995918274,0.009248453,628736,0.11923828,628736,307,-0.11696853
0.22938191890716553,0.0023057037,2.6606042e-08,252,0.00029446,1500.0,2456.055502176285,0.010518304,630784,0.12753907,630784,308,-0.12269221
0.36785125732421875,-0.00059179077,1.3214868e-07,252,0.00029446,1500.0,2464.1582384109497,0.0071496926,632832,0.08754883,632832,309,-0.1298924
0.8085222989320755,-0.001229956,1.7620303e-08,252,0.0002945,1500.0,2472.279214143753,0.006976083,634880,0.08554687,634880,310,-0.14030509
0.582287073135376,0.0030223397,2.7306282e-08,253,0.00029453,1500.0,2480.3786783218384,0.0076353317,636928,0.09741211,636928,311,-0.134009
0.7675163298845291,0.0035350122,3.6209263e-07,255,0.00029454000000000004,1500.0,2488.450407743454,0.007731878,638976,0.09321289,638976,312,-0.13265496
0.5501812100410461,-0.0025261177,3.3970446e-06,250,0.00029461,1500.0,2496.4705493450165,0.011432391,641024,0.14477539,641024,313,-0.12994489
0.2951800227165222,0.0026729654,1.6743325e-08,261,0.00029459999999999995,1500.0,2504.6471610069275,0.0063193524,643072,0.07382812,643072,314,-0.13298023
0.18114793300628662,0.0015571842,5.1308615e-09,251,0.00029467999999999996,1500.0,2512.4903173446655,0.009295157,645120,0.10424805,645120,315,-0.1317543
0.0745663046836853,0.0041115964,1.1002348e-08,262,0.00029472,1500.0,2520.62477517128,0.008866188,647168,0.09907226,647168,316,-0.13866052
0.36768823862075806,0.0045935563,1.9528617e-08,250,0.00029472,1500.0,2528.4222819805145,0.007324467,649216,0.09052734,649216,317,-0.14546257
6.681680679321289e-05,0.0042808596,1.3588947e-08,247,0.00029472999999999994,1500.0,2536.61812543869,0.008406162,651264,0.10869141,651264,318,-0.14475311
0.22592610120773315,0.0027846291,1.2244125e-07,256,0.00029479999999999996,1500.0,2544.8866353034973,0.010263076,653312,0.12734374,653312,319,-0.13748932
0.29612910747528076,0.0026937586,1.1398854e-06,246,0.00029480999999999995,1500.0,2552.8739326000214,0.00666071,655360,0.07709961,655360,320,-0.1374282
0.6665024757385254,0.0031926096,5.427318e-08,251,0.00029489999999999996,1500.0,2561.1961574554443,0.006747417,657408,0.08413086,657408,321,-0.14055932
0.6917542219161987,0.0026376243,7.0626123e-07,251,0.00029489,1500.0,2569.3500850200653,0.008537013,659456,0.100048825,659456,322,-0.14243951
0.31823664903640747,-0.0036217142,9.278233e-06,254,0.00029494,1500.0,2577.49031996727,0.008659171,661504,0.0959961,661504,323,-0.13373712
0.4298088550567627,0.0021549433,1.0382374e-08,257,0.00029498999999999997,1500.0,2585.526495695114,0.0072908127,663552,0.092236325,663552,324,-0.12245749
0.34645020961761475,0.0026383349,1.0948927e-08,271,0.00029511,1500.0,2593.4961519241333,0.008511476,665600,0.099804685,665600,325,-0.12334572
0.4543611407279968,0.0035930765,5.78832e-09,265,0.00029511999999999995,1500.0,2601.0507407188416,0.0066505177,667648,0.08105469,667648,326,-0.11525953
0.2783169746398926,0.0027911372,1.0748622e-08,257,0.00029517,1500.0,2608.782544851303,0.008208654,669696,0.10229492,669696,327,-0.10084953
0.4333494305610657,0.00013484711,5.72737e-09,254,0.00029524,1500.0,2616.749476671219,0.006733156,671744,0.08100586,671744,328,-0.1055928
0.2949693202972412,0.0031679762,1.5155072e-08,250,0.00029532,1500.0,2624.8022487163544,0.007768496,673792,0.09379883,673792,329,-0.09933634
0.012489795684814453,-0.0009256786,1.8416834e-07,259,0.00029535,1500.0,2632.987026453018,0.009890305,675840,0.11323242,675840,330,-0.10533174
0.33865439891815186,-0.00085951586,4.753518e-07,252,0.00029538,1500.0,2640.869072198868,0.0073020486,677888,0.087402344,677888,331,-0.11373057
0.40077847242355347,0.001727944,8.384638e-07,250,0.00029545,1500.0,2648.99973988533,0.008085096,679936,0.10219727,679936,332,-0.1040089
0.8584713786840439,0.0021201852,1.6896234e-07,249,0.0002955099999999999,1500.0,2657.173483610153,0.009073743,681984,0.1,681984,333,-0.0886439
0.8501134067773819,0.0036981131,1.1397191e-06,257,0.00029566,1500.0,2665.3743693828583,0.008794981,684032,0.10620117,684032,334,-0.086150646
0.7182651460170746,0.00053827016,1.4196999e-05,255,0.00029565,1500.0,2673.317884206772,0.011225903,686080,0.14033203,686080,335,-0.08588029
0.69174525141716,-0.00035174278,9.3512384e-08,248,0.00029569000000000004,1500.0,2681.322592496872,0.008034191,688128,0.087207034,688128,336,-0.0752929
0.7125754952430725,0.000567898,8.606366e-08,248,0.00029570999999999997,1500.0,2689.552762746811,0.00920053,690176,0.10942383,690176,337,-0.05775138
0.8215333670377731,0.0016196441,3.0808916e-08,252,0.00029572999999999996,1500.0,2697.792558670044,0.008589204,692224,0.10224609,692224,338,-0.03121912
0.8373123705387115,0.0015659531,3.1023635e-08,256,0.00029575,1500.0,2705.9028449058533,0.0070834225,694272,0.07729492,694272,339,-0.012066601
0.8301040679216385,0.0010262427,2.203063e-08,253,0.00029579,1500.0,2713.8813395500183,0.00781664,696320,0.0925293,696320,340,0.002758157
0.7978912144899368,0.0020087778,6.312155e-08,255,0.00029587,1500.0,2721.9731907844543,0.0074235485,698368,0.09165039,698368,341,0.013125299
0.7445435523986816,0.00038681008,1.2944949e-07,250,0.00029588,1500.0,2730.0030477046967,0.0075723184,700416,0.09077148,700416,342,0.032414455
0.6996017098426819,0.0011890249,3.8549327e-08,250,0.00029591,1500.0,2738.192002058029,0.007962022,702464,0.097070314,702464,343,0.050954483
0.6614363789558411,0.0020602387,9.773316e-09,254,0.00029592999999999997,1500.0,2746.3622274398804,0.005586426,704512,0.06362305,704512,344,0.051914938
0.6290011703968048,-0.001044936,2.5949069e-08,258,0.00029597,1500.0,2754.402687549591,0.007472586,706560,0.0881836,706560,345,0.036415525
0.46528589725494385,0.0027794295,1.6293107e-08,253,0.00029603999999999996,1500.0,2762.339035987854,0.010362984,708608,0.12568359,708608,346,0.025668597
0.5466615259647369,0.0007289547,2.1513463e-06,247,0.00029606,1500.0,2770.4183440208435,0.005619292,710656,0.06391601,710656,347,0.03452931
0.386676549911499,0.0011102837,2.2303739e-07,253,0.00029615,1500.0,2778.6837186813354,0.0072516305,712704,0.087402344,712704,348,0.034708146
0.4132842421531677,0.0022261348,1.2517137e-06,250,0.00029617,1500.0,2786.7785930633545,0.005553512,714752,0.06640625,714752,349,0.027510565
0.6189993619918823,-0.0051865885,2.3741063e-06,253,0.00029619,1500.0,2794.95476269722,0.011551618,716800,0.11665039,716800,350,0.029901084
0.6970162987709045,0.00013793429,2.9079166e-08,247,0.00029623,1500.0,2803.02365899086,0.0056575015,718848,0.06826172,718848,351,0.029597854
0.5831737220287323,-0.0004828663,2.493119e-07,266,0.00029623999999999997,1500.0,2811.3123836517334,0.0077660815,720896,0.10288086,720896,352,0.020204434
0.7330284714698792,0.0019875579,8.726271e-09,252,0.00029626000000000007,1500.0,2818.999072790146,0.008256859,722944,0.09819336,722944,353,0.020759579
0.7366319000720978,0.0029055586,1.2019885e-08,251,0.00029625,1500.0,2827.106124639511,0.00566649,724992,0.06801758,724992,354,0.015792951
0.7056824266910553,0.0012945635,5.145363e-09,252,0.00029629,1500.0,2835.265643119812,0.005275668,727040,0.06640625,727040,355,0.0048146313
0.6826402544975281,0.00014209154,2.1236306e-06,256,0.00029629,1500.0,2843.388338804245,0.0057621514,729088,0.07070313,729088,356,-0.0027230945
0.6073482632637024,-0.00027170248,1.905693e-06,255,0.00029630999999999993,1500.0,2851.36287522316,0.008142428,731136,0.09858398,731136,357,-0.0028152368
0.7326973676681519,0.003212511,2.933771e-09,251,0.0002963299999999999,1500.0,2859.3923008441925,0.006439101,733184,0.072460935,733184,358,0.0019765806
0.5964150428771973,0.00043873754,5.4989115e-09,248,0.0002963299999999999,1500.0,2867.53951215744,0.0060738837,735232,0.0769043,735232,359,0.013604942
0.15073513984680176,-0.0005797865,2.2772596e-08,257,0.00029635999999999996,1500.0,2875.773664712906,0.0064472854,737280,0.07861328,737280,360,0.016389616
0.4953432083129883,0.0019022407,6.484858e-09,253,0.00029641,1500.0,2883.7410740852356,0.006633324,739328,0.083984375,739328,361,0.015633112
0.4143330454826355,0.0009540273,2.9143205e-08,252,0.00029644999999999997,1500.0,2891.8086421489716,0.0060869614,741376,0.071875,741376,362,0.016897816
0.25736433267593384,0.001616767,8.242039e-09,249,0.00029646999999999996,1500.0,2899.9120206832886,0.009694802,743424,0.10908203,743424,363,0.016493406
0.29005491733551025,0.000574457,1.766124e-08,257,0.00029645999999999996,1500.0,2908.133518218994,0.006299152,745472,0.0765625,745472,364,0.011433405
0.08807551860809326,0.0027596308,8.54446e-06,251,0.00029659,1500.0,2916.084156513214,0.007256669,747520,0.09169922,747520,365,0.018441427
0.47862231731414795,0.0009121468,1.1112336e-06,257,0.00029663,1500.0,2924.2167694568634,0.0062072505,749568,0.073876955,749568,366,0.025081268
0.7010741233825684,0.00071571063,4.578977e-09,263,0.00029675,1500.0,2932.1774439811707,0.0065437593,751616,0.07890625,751616,367,0.022409083
0.5304867923259735,0.0018656101,8.034626e-09,258,0.00029675999999999997,1500.0,2939.946184873581,0.0069573545,753664,0.08491211,753664,368,0.026796436
0.6644623577594757,0.0039674216,5.9462826e-09,252,0.00029683,1500.0,2947.8680441379547,0.008010807,755712,0.09580078,755712,369,0.0370375
0.5450274348258972,0.002119169,6.429219e-09,247,0.00029688999999999996,1500.0,2955.9938938617706,0.0052763573,757760,0.06337891,757760,370,0.053990733
0.5552286803722382,0.0020319144,1.138124e-08,259,0.00029693999999999993,1500.0,2964.2693049907684,0.008035893,759808,0.10131836,759808,371,0.062388282
0.6039330065250397,-0.0011134731,4.189432e-09,249,0.00029696,1500.0,2972.1752183437347,0.007272602,761856,0.0836914,761856,372,0.06634166
0.26823848485946655,-0.0009246984,7.0131057e-09,250,0.00029706,1500.0,2980.3999450206757,0.0058073043,763904,0.07285156,763904,373,0.06723772
0.2139008641242981,-0.0034465778,1.5163719e-05,250,0.00029712,1500.0,2988.5818383693695,0.0075108022,765952,0.08071289,765952,374,0.065191664
0.903716191649437,0.0017467306,1.6079085e-07,263,0.00029723000000000005,1500.0,2996.761073112488,0.005994225,768000,0.077539064,768000,375,0.06361519
0.9007323980331421,0.0014194213,1.5935289e-08,253,0.00029727999999999997,1500.0,3004.547992706299,0.0051343627,770048,0.06254883,770048,376,0.0486385
0.895510271191597,0.00092362345,1.25564865e-08,252,0.00029735,1500.0,3012.6411142349243,0.0051824907,772096,0.05625,772096,377,0.029991593
0.8929009363055229,-0.0020224485,9.006827e-09,256,0.00029750999999999996,1500.0,3020.7593936920166,0.007572893,774144,0.091357425,774144,378,0.006803165
0.8563677817583084,0.0013991216,9.674187e-09,250,0.00029759,1500.0,3028.742336034775,0.006251534,776192,0.07397461,776192,379,-0.019426052
0.8466736823320389,0.00023535472,5.750305e-09,253,0.00029759999999999997,1500.0,3036.934042930603,0.005449622,778240,0.06416015,778240,380,-0.034101732
0.8050040602684021,0.0043000234,9.12275e-09,248,0.00029779,1500.0,3045.0315186977386,0.005418844,780288,0.06416015,780288,381,-0.031177994
0.6606884300708771,0.0038066073,8.079935e-09,256,0.00029788,1500.0,3053.272514104843,0.007392712,782336,0.091796875,782336,382,-0.02956621
0.6282216906547546,-0.0005121195,7.337878e-09,253,0.00029799,1500.0,3061.2699012756348,0.006026516,784384,0.07749023,784384,383,-0.037195005
0.5603049695491791,0.0014893214,6.567402e-09,247,0.00029824,1500.0,3069.3635008335114,0.007246238,786432,0.0875,786432,384,-0.040858082
0.22720104455947876,-0.00056075066,9.334144e-09,254,0.00029829,1500.0,3077.6486093997955,0.00796436,788480,0.0987793,788480,385,-0.049243417
0.08732384443283081,0.0017303167,1.31288616e-08,254,0.0002985,1500.0,3085.6868538856506,0.00665518,790528,0.07709961,790528,386,-0.061096318
-0.13660454750061035,0.0013585688,2.3024256e-08,256,0.00029865,1500.0,3093.7426040172577,0.007114373,792576,0.09106445,792576,387,-0.0681905
0.15118461847305298,0.0027866778,8.396441e-09,245,0.00029877,1500.0,3101.724418401718,0.007720489,794624,0.08896484,794624,388,-0.08111447
0.04859417676925659,-0.0008021719,6.163603e-09,258,0.00029901,1500.0,3110.082844018936,0.0064145504,796672,0.08022461,796672,389,-0.08354141
0.11748892068862915,0.0021071462,1.63014e-07,252,0.00029911,1500.0,3118.0029525756836,0.0075473688,798720,0.08710937,798720,390,-0.086640894
0.30444473028182983,0.001428909,2.7085173e-08,262,0.00029922,1500.0,3126.1271204948425,0.0077780723,800768,0.09453125,800768,391,-0.0968617
0.15164750814437866,0.0010247504,2.7217501e-07,250,0.00029946,1500.0,3133.9400582313538,0.0067437673,802816,0.080273435,802816,392,-0.111525655
0.4498711824417114,0.0013122656,7.7402206e-08,254,0.00029958000000000003,1500.0,3142.1079590320587,0.007534339,804864,0.09335937,804864,393,-0.12726583
0.49509507417678833,2.2943203e-05,4.1937204e-07,251,0.00029974000000000005,1500.0,3150.15865111351,0.0063439705,806912,0.075,806912,394,-0.13249233
0.6142067015171051,0.0020693117,8.121107e-08,250,0.00029997,1500.0,3158.2964692115784,0.0051556705,808960,0.062109374,808960,395,-0.12949851
0.6342890858650208,0.0015625156,6.684517e-08,252,0.00030008000000000004,1500.0,3166.488081216812,0.0071812943,811008,0.08388672,811008,396,-0.13518682
0.4538823366165161,0.0037493117,7.5862107e-07,256,0.00030021,1500.0,3174.6008105278015,0.007478343,813056,0.089697264,813056,397,-0.13300903
0.6556296050548553,0.0023872324,2.8397528e-08,255,0.00030027,1500.0,3182.5818610191345,0.007124777,815104,0.08232422,815104,398,-0.12602048
0.6586005091667175,0.0009913789,8.3402426e-07,249,0.00030042,1500.0,3190.5935311317444,0.0059645376,817152,0.07143555,817152,399,-0.123654604
0.526935875415802,0.0019105866,7.9572455e-06,254,0.00030065,1500.0,3198.8089456558228,0.008456146,819200,0.10117187,819200,400,-0.12738946
0.40000975131988525,0.0021910085,9.085129e-09,260,0.00030077,1500.0,3206.8453962802887,0.006442358,821248,0.079638675,821248,401,-0.12919363
0.5314156115055084,0.003774055,1.020166e-08,253,0.00030091000000000004,1500.0,3214.7031211853027,0.006818087,823296,0.082373045,823296,402,-0.13792689
0.4196588397026062,0.002035866,4.666224e-09,250,0.00030115000000000003,1500.0,3222.789069890976,0.007880568,825344,0.09326172,825344,403,-0.13968731
0.2961410880088806,0.0033342778,1.2909039e-08,251,0.00030128000000000007,1500.0,3230.983003139496,0.009399505,827392,0.11264648,827392,404,-0.13812296
0.32968592643737793,0.0029330472,6.624099e-08,258,0.00030141,1500.0,3239.1456983089447,0.0075555383,829440,0.091992185,829440,405,-0.13379027
0.2434188723564148,0.0005197359,1.1042562e-08,248,0.00030171,1500.0,3247.0791985988617,0.006970408,831488,0.08286133,831488,406,-0.1421371
0.1573420763015747,-0.0007412672,1.0830894e-08,254,0.00030184999999999994,1500.0,3255.3379344940186,0.007916829,833536,0.09516601,833536,407,-0.14344002
0.2882087826728821,0.00061960996,5.4891407e-09,257,0.0003021199999999999,1500.0,3263.388477087021,0.009186356,835584,0.111376956,835584,408,-0.13958299
0.20070034265518188,0.0051438287,1.6999728e-08,247,0.00030223999999999995,1500.0,3271.3488359451294,0.008430054,837632,0.10703125,837632,409,-0.14820054
0.23517471551895142,0.0012499529,2.4582764e-08,255,0.00030233,1500.0,3279.623351097107,0.0067338943,839680,0.07851563,839680,410,-0.15883802
0.4289749264717102,0.004769681,5.630665e-09,245,0.00030251,1500.0,3287.6396441459656,0.008278688,841728,0.09702148,841728,411,-0.17235696
0.17974704504013062,0.0015351194,2.8952041e-07,257,0.00030267,1500.0,3295.9897694587708,0.0071141287,843776,0.08876953,843776,412,-0.1708804
0.18413490056991577,0.0007709679,9.353327e-07,255,0.00030281000000000004,1500.0,3303.958489894867,0.0061494135,845824,0.07651367,845824,413,-0.1540148
0.5870139300823212,0.0008434767,5.9468784e-06,254,0.00030303,1500.0,3311.969938993454,0.0052221683,847872,0.063085936,847872,414,-0.13655809
0.5719552338123322,-0.0025436166,1.8112559e-08,261,0.00030317,1500.0,3320.0201411247253,0.00683797,849920,0.08481445,849920,415,-0.14062685
0.6958370208740234,0.001660161,1.0791599e-08,259,0.00030332,1500.0,3327.8609375953674,0.0054892646,851968,0.070214845,851968,416,-0.14387628
0.5303566157817841,0.0032705572,1.5030654e-08,256,0.00030350999999999995,1500.0,3335.7563214302063,0.009247301,854016,0.10405274,854016,417,-0.14977844
0.4690561294555664,0.0009869842,1.3711234e-08,245,0.00030365,1500.0,3343.759754896164,0.006705663,856064,0.07695313,856064,418,-0.1577462
0.5956941545009613,-0.0022985046,1.32929205e-08,257,0.00030394,1500.0,3352.106947183609,0.009457472,858112,0.113427736,858112,419,-0.18174934
0.3560885190963745,0.0030887038,1.382749e-08,251,0.00030407,1500.0,3360.07661318779,0.007725615,860160,0.093847655,860160,420,-0.19335885
0.4059638977050781,-5.6981273e-05,7.789181e-08,253,0.00030416,1500.0,3368.23291015625,0.0071368525,862208,0.08134766,862208,421,-0.19941708
0.351826012134552,0.003204647,1.12644045e-08,247,0.00030439999999999997,1500.0,3376.3304488658905,0.006677635,864256,0.079394534,864256,422,-0.21212502
0.40092986822128296,0.002279246,7.424949e-09,258,0.0003045,1500.0,3384.6048035621643,0.0076534813,866304,0.09072266,866304,423,-0.21874249
0.48174721002578735,0.002087501,7.692384e-09,255,0.00030462999999999996,1500.0,3392.545160293579,0.0056326766,868352,0.0690918,868352,424,-0.22789922
0.5809573531150818,0.0030537185,9.859178e-09,248,0.00030478,1500.0,3400.5605041980743,0.008434196,870400,0.100048825,870400,425,-0.23128411
0.4075779914855957,0.0025778979,3.3342353e-08,250,0.00030489000000000004,1500.0,3408.793524980545,0.010509307,872448,0.12905273,872448,426,-0.2360821
0.6515480577945709,-0.00086815486,2.5985662e-08,262,0.00030498,1500.0,3416.9579746723175,0.0082066925,874496,0.09414063,874496,427,-0.24369471
0.5625682771205902,0.001740115,5.3399635e-08,251,0.00030519,1500.0,3424.777666091919,0.008118215,876544,0.099853516,876544,428,-0.24562216
0.6112055480480194,0.0014519528,1.4901827e-08,245,0.00030535999999999996,1500.0,3432.9142208099365,0.008931644,878592,0.09746094,878592,429,-0.2540098
0.6041534543037415,0.0006375715,3.601317e-08,257,0.00030558999999999995,1500.0,3441.2451717853546,0.0055196597,880640,0.066308595,880640,430,-0.26769432
0.6231265664100647,0.0018723436,4.90751e-08,249,0.00030574,1500.0,3449.196145772934,0.009442659,882688,0.11118164,882688,431,-0.2870671
0.5123344957828522,0.0010233799,1.4144021e-07,250,0.00030586999999999997,1500.0,3457.4067618846893,0.008351858,884736,0.10112305,884736,432,-0.3002978
0.5635070502758026,0.0011060837,7.5162944e-08,252,0.00030608999999999996,1500.0,3465.594883918762,0.008720359,886784,0.103515625,886784,433,-0.29529634
0.7836225628852844,-0.00089889125,8.7167784e-08,259,0.00030614,1500.0,3473.6967873573303,0.0077513023,888832,0.08916016,888832,434,-0.29361212
0.6897724568843842,0.0023881537,4.921371e-06,253,0.00030626,1500.0,3481.593546152115,0.0085949795,890880,0.09667969,890880,435,-0.28914198
0.6810652315616608,0.0020612278,2.9029113e-08,249,0.0003065,1500.0,3489.6805968284607,0.0066031828,892928,0.07680664,892928,436,-0.2818882
0.5994672477245331,0.0006878328,3.4896708e-08,254,0.00030653,1500.0,3497.8865230083466,0.008228095,894976,0.09741211,894976,437,-0.2868279
0.6501073241233826,0.002934671,3.6603055e-08,255,0.00030671999999999996,1500.0,3505.929453611374,0.008247362,897024,0.105371095,897024,438,-0.28581494
0.574165016412735,0.00080302975,2.277119e-08,254,0.00030681,1500.0,3513.942175388336,0.0070536947,899072,0.08222656,899072,439,-0.2951106
0.575765460729599,0.0033659958,8.2564947e-07,252,0.00030687,1500.0,3522.004813671112,0.006886758,901120,0.08564453,901120,440,-0.30880904
0.6202509105205536,0.0004208902,2.464908e-07,255,0.00030703999999999996,1500.0,3530.1325306892395,0.008949214,903168,0.1059082,903168,441,-0.317698
0.6740908026695251,0.0014046996,5.753166e-08,260,0.00030712,1500.0,3538.1541709899902,0.0068943365,905216,0.083496094,905216,442,-0.33129692
0.788329541683197,0.0024508855,1.47546e-07,253,0.00030718,1500.0,3546.0293848514557,0.0072343377,907264,0.08549805,907264,443,-0.34647363
0.7626998275518417,0.0027897018,5.340912e-08,257,0.00030723999999999997,1500.0,3554.1144847869873,0.0066233478,909312,0.07700195,909312,444,-0.3643182
0.7841291427612305,0.0035376232,3.958188e-08,250,0.00030736,1500.0,3562.058212041855,0.010814564,911360,0.13129883,911360,445,-0.37072316
0.8562146872282028,0.0036180138,4.8230584e-07,253,0.00030746,1500.0,3570.222890853882,0.0085714655,913408,0.09838867,913408,446,-0.37950113
0.7843855023384094,0.0003198549,2.4762912e-08,250,0.00030760000000000005,1500.0,3578.3174080848694,0.010262983,915456,0.122363284,915456,447,-0.40276894
0.7737673968076706,0.0036799232,4.183824e-07,252,0.00030764,1500.0,3586.5049362182617,0.008984197,917504,0.10297851,917504,448,-0.42387286
0.8222558200359344,0.0016708833,2.3151083e-08,262,0.00030776999999999996,1500.0,3594.615818977356,0.007991608,919552,0.09711914,919552,449,-0.43572277
0.7967439442873001,0.0028433506,1.688058e-08,255,0.0003078,1500.0,3602.41854596138,0.00885213,921600,0.10048828,921600,450,-0.44672745
0.7652190178632736,0.0032703455,6.0074754e-08,252,0.00030784,1500.0,3610.4392182826996,0.008140546,923648,0.0949707,923648,451,-0.45870885
0.8032102584838867,0.0027511746,2.3816881e-08,250,0.00030798999999999996,1500.0,3618.5417740345,0.007968265,925696,0.09331055,925696,452,-0.4755156
0.7318134307861328,0.0030529047,5.319211e-08,261,0.00030809,1500.0,3626.7158677577972,0.010651032,927744,0.12641601,927744,453,-0.49372512
0.6531583070755005,0.002377637,2.5531634e-07,251,0.00030813,1500.0,3634.5628383159637,0.008909563,929792,0.10566406,929792,454,-0.5029675
0.6000310182571411,0.0018811414,3.0666204e-08,247,0.00030822999999999994,1500.0,3642.713552236557,0.00989608,931840,0.11206055,931840,455,-0.5064395
0.591708779335022,0.0018266218,1.499286e-08,255,0.00030824,1500.0,3650.9767949581146,0.01421115,933888,0.15532227,933888,456,-0.49927735
0.5724562406539917,0.0053324704,2.3737682e-08,252,0.00030823,1500.0,3658.987028360367,0.008848102,935936,0.09760742,935936,457,-0.49308458
0.5120673775672913,0.0027126472,1.5419399e-08,260,0.00030833,1500.0,3667.095901966095,0.00921989,937984,0.10668945,937984,458,-0.49781188
0.5796740055084229,0.0011203695,1.9627215e-08,247,0.00030832,1500.0,3674.969882249832,0.007957453,940032,0.09282227,940032,459,-0.50623167
0.6520681977272034,0.00455989,5.9821105e-08,255,0.00030834,1500.0,3683.2536199092865,0.012187945,942080,0.1439453,942080,460,-0.513219
0.6103281676769257,0.004072178,1.4101812e-08,251,0.00030835,1500.0,3691.271426677704,0.010534437,944128,0.11801758,944128,461,-0.52341634
0.6100906729698181,0.0022831578,5.141033e-07,256,0.00030827000000000003,1500.0,3699.422714471817,0.01024115,946176,0.115234375,946176,462,-0.5431706
0.5711697936058044,-5.8800535e-05,1.565744e-08,252,0.00030828,1500.0,3707.426254749298,0.0114797875,948224,0.12363281,948224,463,-0.5631092
0.5614992380142212,0.0023247823,5.671212e-07,257,0.0003083,1500.0,3715.540233373642,0.012352029,950272,0.14536133,950272,464,-0.5660904
0.5726419985294342,0.004366615,3.6539518e-07,254,0.00030828,1500.0,3723.5090429782867,0.008545903,952320,0.100292966,952320,465,-0.5642468
0.5624636709690094,0.0020071743,1.5398296e-08,258,0.00030828,1500.0,3731.5637481212616,0.007906729,954368,0.093847655,954368,466,-0.56541693
0.5733794271945953,0.0022762315,1.8758229e-08,271,0.00030822,1500.0,3739.486713409424,0.008543598,956416,0.09853516,956416,467,-0.57918
0.6254771947860718,0.0013165411,3.585774e-08,256,0.00030816999999999997,1500.0,3747.0306277275085,0.0076711834,958464,0.0921875,958464,468,-0.6000501
0.6024229228496552,0.0013288745,1.46442645e-08,260,0.00030816,1500.0,3755.0121302604675,0.0107942205,960512,0.13227539,960512,469,-0.59805
0.6451030671596527,0.003894975,1.2700108e-08,250,0.0003081699999999999,1500.0,3762.870791196823,0.010202582,962560,0.10917969,962560,470,-0.5929164
0.7043369114398956,0.0023540636,1.5930896e-08,257,0.00030826,1500.0,3771.0496275424957,0.008836176,964608,0.1046875,964608,471,-0.60171026
0.5934308469295502,0.004129712,1.7684306e-08,253,0.0003082,1500.0,3779.0173618793488,0.009177779,966656,0.10478516,966656,472,-0.607057
0.5786996483802795,0.004330143,5.659096e-08,255,0.00030828999999999996,1500.0,3787.106509447098,0.008355035,968704,0.09882812,968704,473,-0.61181587
0.7577773332595825,0.0030784386,2.9441361e-08,251,0.00030826,1500.0,3795.1295721530914,0.010580236,970752,0.12768555,970752,474,-0.6170603
0.517361968755722,0.005884773,1.0857834e-08,254,0.00030822,1500.0,3803.2843024730682,0.010896354,972800,0.12924805,972800,475,-0.6105619
0.5939046442508698,0.0054083057,3.6192734e-08,250,0.00030824,1500.0,3811.3340921401978,0.00967959,974848,0.11601563,974848,476,-0.6067194
0.571325272321701,0.0031496002,8.959275e-09,250,0.00030823000000000005,1500.0,3819.5063898563385,0.01044933,976896,0.12006836,976896,477,-0.6003082
0.3955562710762024,0.0032948535,1.1201206e-07,257,0.00030818,1500.0,3827.6925361156464,0.009779865,978944,0.1116211,978944,478,-0.5995928
0.5766951739788055,0.003217566,1.8956545e-08,256,0.00030818,1500.0,3835.6410121917725,0.01047708,980992,0.11679687,980992,479,-0.6044587
0.43692314624786377,0.0033190649,1.2894118e-08,255,0.00030795,1500.0,3843.643285751343,0.009154094,983040,0.10961914,983040,480,-0.60548985
0.3695540428161621,0.0017761817,5.60594e-08,253,0.00030796,1500.0,3851.656115293503,0.012191313,985088,0.14614257,985088,481,-0.59772813
0.379736065864563,0.0063783177,1.1283402e-08,251,0.00030795,1500.0,3859.7244403362274,0.011932081,987136,0.13164063,987136,482,-0.589609
0.5145367085933685,0.005120063,8.028863e-09,258,0.00030793,1500.0,3867.8820016384125,0.011608202,989184,0.13447265,989184,483,-0.5895995
0.3382270932197571,0.0012554934,5.695758e-09,254,0.00030797,1500.0,3875.819660425186,0.012331376,991232,0.13847657,991232,484,-0.5858766
0.6264928579330444,0.0050277063,4.936117e-09,255,0.00030799,1500.0,3883.8822870254517,0.010839861,993280,0.12768555,993280,485,-0.59004176
0.5151117146015167,0.0019297817,1.8049652e-08,260,0.00030793,1500.0,3891.8907811641693,0.010701003,995328,0.12900391,995328,486,-0.59603316
0.6568764448165894,9.067012e-05,1.603446e-07,256,0.00030794,1500.0,3899.770807504654,0.010929736,997376,0.11811523,997376,487,-0.5923839
0.6790089011192322,0.004575883,4.412343e-09,253,0.00030791,1500.0,3907.7666234970093,0.009547404,999424,0.1144043,999424,488,-0.59497607
